term_id	term	Binom_Genome_Fraction	Binom_Expected	observed_genes	fold_enrichment	Binom_Region_Set_Coverage	pval	fdr	Hyper_Total_Genes	Hyper_Expected	Hyper_Observed_Gene_Hits	Hyper_Fold_Enrichment	Hyper_Gene_Set_Coverage	Hyper_Term_Gene_Coverage	Hyper_Raw_PValue	Hyper_Adjp_BH
GO:0000786	nucleosome	0.003503933	137.4102	324	2.357903	0.008261934	5.327415e-42	3.682309248e-40	105	75.34031	83	1.101668	0.006160469	0.7904762	0.05674877	0.3381443950344827
GO:0000788	nuclear nucleosome	0.0009735489	38.17869	148	3.876508	0.00377397	1.5234309999999999e-41	1.0124956800000002e-39	40	28.70107	30	1.045257	0.002226676	0.75	0.3988163	0.933813775609756
GO:0005761	mitochondrial ribosome	0.003166149	124.1637	292	2.351734	0.00744594	7.857819e-38	4.849396868571429e-36	85	60.98977	74	1.213318	0.005492466	0.8705882	0.0006328701	0.008611019943307
GO:0044815	DNA packaging complex	0.00431567	169.2433	355	2.097572	0.009052428	7.523815e-36	3.939743127272727e-34	112	80.363	90	1.119918	0.006680027	0.8035714	0.02424943	0.1854115709734513
GO:0042612	MHC class I protein complex	0.0002687223	10.53821	69	6.547599	0.001759486	6.500216000000001e-33	3.035776553513513e-31	5	3.587634	5	1.393676	0.0003711126	1.0	0.1901514	0.6747055835728953
GO:0071556	integral component of lumenal side of endoplasmic reticulum membrane	0.00083404	32.70771	113	3.454843	0.002881477	5.163286000000001e-28	2.230539552e-26	22	15.78559	15	0.9502338	0.001113338	0.6818182	0.7355986	0.9907360723304754
GO:0042611	MHC protein complex	0.0005574819	21.86221	85	3.887988	0.002167483	1.082696e-24	4.350927181395349e-23	20	14.35054	11	0.7665219	0.0008164477	0.55	0.9677577	1.0
GO:0005762	mitochondrial large ribosomal subunit	0.001881872	73.79948	176	2.384841	0.004487964	4.0315509999999996e-24	1.5833000290909094e-22	51	36.59386	44	1.202387	0.003265791	0.8627451	0.01175076	0.1052088770984456
GO:0097525	spliceosomal snRNP complex	0.002803648	109.9479	230	2.091901	0.005864953	1.0777580000000002e-23	3.962480476595745e-22	62	44.48666	56	1.258804	0.004156461	0.9032258	0.0003468627	0.0049535433520661
GO:1902555	endoribonuclease complex	0.001544168	60.55611	144	2.37796	0.003671971	6.054197e-20	1.7150249862295081e-18	29	20.80828	26	1.249503	0.001929785	0.8965517	0.01960589	0.1590562343661971
GO:0005666	DNA-directed RNA polymerase III complex	0.0005435719	21.31672	74	3.471454	0.001886985	4.755096999999999e-19	1.3042551771428573e-17	19	13.63301	18	1.320325	0.001336005	0.9473684	0.01542645	0.1300336858536585
GO:0005736	DNA-directed RNA polymerase I complex	0.0006314285	24.7621	80	3.230744	0.002039984	1.083784e-18	2.8811980800000004e-17	14	10.04537	12	1.19458	0.0008906702	0.8571429	0.1975558	0.692894000811359
GO:1990617	CHOP-ATF4 complex	2.126137e-05	0.8337858	18	21.58828	0.0004589963	2.681846e-18	7.021560436363636e-17	2	1.435054	2	1.393676	0.000148445	1.0	0.5148339	0.9364557675789472
GO:0035976	transcription factor AP-1 complex	0.0003156216	12.37742	53	4.281992	0.001351489	1.0149040000000001e-17	2.5790501647058823e-16	5	3.587634	5	1.393676	0.0003711126	1.0	0.1901514	0.6747055835728953
GO:0045120	pronucleus	0.0009094826	35.66627	97	2.719656	0.00247348	1.864626e-17	4.538132011267606e-16	15	10.7629	14	1.300764	0.001039115	0.9333333	0.04744318	0.2992037045255474
GO:0030914	STAGA complex	0.0005193688	20.36757	69	3.387739	0.001759486	2.3624160000000002e-17	5.6697984e-16	12	8.610321	12	1.393676	0.0008906702	1.0	0.01859756	0.1530313508571428
GO:0099078	BORC complex	0.00013149	5.156512	33	6.399675	0.0008414933	2.4917e-16	5.591763116883118e-15	8	5.740214	8	1.393676	0.0005937802	1.0	0.07021822	0.3768232427329193
GO:0005869	dynactin complex	0.000199136	7.809318	40	5.122086	0.001019992	3.068609e-16	6.7981491692307695e-15	9	6.457741	7	1.08397	0.0005195576	0.7777778	0.5102821	0.9364557675789472
GO:0031307	integral component of mitochondrial outer membrane	0.001181271	46.32471	110	2.374543	0.002804978	1.349578e-15	2.951988334177216e-14	22	15.78559	20	1.266978	0.00148445	0.9090909	0.03055504	0.2209167745606694
GO:0031306	intrinsic component of mitochondrial outer membrane	0.001208065	47.37547	111	2.342984	0.002830477	2.3976e-15	5.1148799999999997e-14	23	16.50312	21	1.272487	0.001558673	0.9130435	0.02375069	0.1824052992
GO:0002199	zona pellucida receptor complex	0.0001608527	6.307999	34	5.389982	0.0008669931	1.170127e-14	2.37879936e-13	9	6.457741	8	1.238823	0.0005937802	0.8888889	0.228964	0.7550568549618321
GO:0032040	small-subunit processome	0.001610123	63.14258	132	2.090507	0.003365973	2.644651e-14	5.313903404651164e-13	35	25.11344	30	1.19458	0.002226676	0.8571429	0.04336988	0.2796386292537313
GO:0030137	COPI-coated vesicle	0.001301985	51.05865	113	2.213141	0.002881477	5.286643e-14	1.0500366786206896e-12	23	16.50312	21	1.272487	0.001558673	0.9130435	0.02375069	0.1824052992
GO:0033256	I-kappaB/NF-kappaB complex	0.0004376722	17.16375	55	3.204427	0.001402489	3.130227e-13	5.8793828869565225e-12	7	5.022687	6	1.19458	0.0004453351	0.8571429	0.3677157	0.8792130644628099
GO:0005763	mitochondrial small ribosomal subunit	0.001141417	44.7618	101	2.256388	0.002575479	3.618365e-13	6.581615494736842e-12	28	20.09075	25	1.244354	0.001855563	0.8928571	0.02478713	0.1870400027947598
GO:0070461	SAGA-type complex	0.001378219	54.04823	115	2.127729	0.002932477	3.802125e-13	6.843825e-12	25	17.93817	23	1.282182	0.001707118	0.92	0.01422143	0.1228731552
GO:0035631	CD40 receptor complex	0.0004845736	19.00304	58	3.052144	0.001478988	5.088537e-13	9.064940140206186e-12	11	7.892794	10	1.266978	0.0007422252	0.9090909	0.1382748	0.5743722461538462
GO:0048188	Set1C/COMPASS complex	0.0004121714	16.16372	52	3.217082	0.001325989	1.167323e-12	2.017134144e-11	13	9.327848	11	1.179265	0.0008164477	0.8461538	0.2431944	0.7899246676691729
GO:0098799	outer mitochondrial membrane protein complex	0.0006256334	24.53484	67	2.730811	0.001708486	1.204311e-12	2.0604449584158417e-11	15	10.7629	14	1.300764	0.001039115	0.9333333	0.04744318	0.2992037045255474
GO:0034663	endoplasmic reticulum chaperone complex	0.000388757	15.24549	50	3.279657	0.00127499	1.581859e-12	2.653837234951456e-11	11	7.892794	10	1.266978	0.0007422252	0.9090909	0.1382748	0.5743722461538462
GO:0005742	mitochondrial outer membrane translocase complex	0.0005012303	19.65625	58	2.950716	0.001478988	1.911917e-12	3.14646912e-11	11	7.892794	10	1.266978	0.0007422252	0.9090909	0.1382748	0.5743722461538462
GO:0030906	retromer, cargo-selective complex	7.329332e-05	2.874271	21	7.306201	0.0005354957	5.384106e-12	8.457941061818183e-11	4	2.870107	4	1.393676	0.0002968901	1.0	0.2650317	0.7992579015706806
GO:0071011	precatalytic spliceosome	0.001130297	44.32574	97	2.188345	0.00247348	5.436833e-12	8.463826508108109e-11	28	20.09075	24	1.19458	0.00178134	0.8571429	0.06993127	0.3768232427329193
GO:0048476	Holliday junction resolvase complex	5.901673e-05	2.3144	19	8.209471	0.0004844961	7.686136e-12	1.185860982857143e-10	5	3.587634	5	1.393676	0.0003711126	1.0	0.1901514	0.6747055835728953
GO:0000275	mitochondrial proton-transporting ATP synthase complex, catalytic core F(1)	5.241661e-05	2.05557	18	8.756696	0.0004589963	9.589623e-12	1.4664485437168143e-10	5	3.587634	5	1.393676	0.0003711126	1.0	0.1901514	0.6747055835728953
GO:0036452	ESCRT complex	0.00133264	52.26081	108	2.066558	0.002753978	1.017421e-11	1.542196042105263e-10	28	20.09075	27	1.343902	0.002004008	0.9642857	0.001098577	0.0142732410225563
GO:0035102	PRC1 complex	0.0004287161	16.81253	51	3.033451	0.00130049	1.501435e-11	2.2366204137931035e-10	12	8.610321	9	1.045257	0.0006680027	0.75	0.5470619	0.96866118
GO:0030677	ribonuclease P complex	0.000634086	24.86632	65	2.613978	0.001657487	1.560854e-11	2.3052612923076924e-10	13	9.327848	12	1.28647	0.0008906702	0.9230769	0.08167763	0.4213102825074626
GO:0005677	chromatin silencing complex	0.0003560917	13.96449	45	3.222459	0.001147491	3.418448e-11	4.82919523902439e-10	8	5.740214	8	1.393676	0.0005937802	1.0	0.07021822	0.3768232427329193
GO:0097526	spliceosomal tri-snRNP complex	0.001291725	50.65629	104	2.053052	0.002651979	3.437448e-11	4.82919523902439e-10	29	20.80828	26	1.249503	0.001929785	0.8965517	0.01960589	0.1590562343661971
GO:1990630	IRE1-RACK1-PP2A complex	9.273386e-05	3.636651	22	6.049522	0.0005609955	5.992905e-11	8.218841142857141e-10	2	1.435054	2	1.393676	0.000148445	1.0	0.5148339	0.9364557675789472
GO:0000177	cytoplasmic exosome (RNase complex)	0.000349092	13.68999	44	3.214027	0.001121991	6.059885e-11	8.245260850393701e-10	13	9.327848	11	1.179265	0.0008164477	0.8461538	0.2431944	0.7899246676691729
GO:1990879	CST complex	5.907119e-05	2.316536	18	7.770223	0.0004589963	6.448761e-11	8.70582735e-10	3	2.15258	2	0.9291175	0.000148445	0.6666667	0.8057184	1.0
GO:0000243	commitment complex	0.000235846	9.248936	35	3.784219	0.0008924929	8.058545e-11	1.0794702139534883e-09	8	5.740214	8	1.393676	0.0005937802	1.0	0.07021822	0.3768232427329193
GO:0045261	proton-transporting ATP synthase complex, catalytic core F(1)	6.12988e-05	2.403894	18	7.487852	0.0004589963	1.156562e-10	1.5256023938931296e-09	6	4.305161	5	1.161397	0.0003711126	0.8333333	0.4587863	0.9364557675789472
GO:0030681	multimeric ribonuclease P complex	0.0004720062	18.51019	52	2.809263	0.001325989	1.374367e-10	1.7991713454545455e-09	10	7.175268	9	1.254309	0.0006680027	0.9	0.1785027	0.6747055835728953
GO:0001931	uropod	0.0007589275	29.7621	70	2.351984	0.001784986	2.380188e-10	3.024238870588235e-09	13	9.327848	12	1.28647	0.0008906702	0.9230769	0.08167763	0.4213102825074626
GO:0033185	dolichol-phosphate-mannose synthase complex	3.511211e-05	1.376957	14	10.16735	0.0003569971	2.800259e-10	3.506411269565217e-09	3	2.15258	3	1.393676	0.0002226676	1.0	0.3693916	0.8792130644628099
GO:0097346	INO80-type complex	0.0008132293	31.8916	73	2.289004	0.001861485	3.163168e-10	3.904253074285714e-09	23	16.50312	22	1.333082	0.001632895	0.9565217	0.004841417	0.0509314490181818
GO:0042824	MHC class I peptide loading complex	1.833899e-05	0.7191818	11	15.29516	0.0002804978	3.450712e-10	4.228957685106383e-09	5	3.587634	4	1.114941	0.0002968901	0.8	0.5645529	0.96866118
GO:0031501	mannosyltransferase complex	7.755281e-05	3.041311	19	6.247306	0.0004844961	6.948566e-10	8.396588844755244e-09	4	2.870107	4	1.393676	0.0002968901	1.0	0.2650317	0.7992579015706806
GO:0019908	nuclear cyclin-dependent protein kinase holoenzyme complex	0.0009137043	35.83183	78	2.176836	0.001988984	7.354113e-10	8.8249356e-09	16	11.48043	13	1.132362	0.0009648927	0.8125	0.296396	0.837268150081566
GO:0043625	delta DNA polymerase complex	0.000127271	4.991061	24	4.808597	0.0006119951	7.764798e-10	9.253497202758622e-09	5	3.587634	5	1.393676	0.0003711126	1.0	0.1901514	0.6747055835728953
GO:0034998	oligosaccharyltransferase I complex	1.496489e-05	0.5868632	10	17.03975	0.000254998	7.834142e-10	9.272189983561644e-09	1	0.7175268	1	1.393676	7.422252e-05	1.0	0.7175268	0.96866118
GO:0030663	COPI-coated vesicle membrane	0.001041546	40.84528	85	2.081024	0.002167483	1.05572e-09	1.2326244324324324e-08	16	11.48043	15	1.306571	0.001113338	0.9375	0.03597381	0.243935415
GO:0043626	PCNA complex	4.608746e-06	0.1807366	7	38.7304	0.0001784986	1.066785e-09	1.2371842147651009e-08	1	0.7175268	1	1.393676	7.422252e-05	1.0	0.7175268	0.96866118
GO:0042825	TAP complex	1.58605e-05	0.6219853	10	16.07755	0.000254998	1.357145e-09	1.56343104e-08	4	2.870107	3	1.045257	0.0002226676	0.75	0.6824713	0.96866118
GO:0005839	proteasome core complex	0.0007287384	28.5782	66	2.309452	0.001682987	1.518941e-09	1.7381849684210525e-08	24	17.22064	19	1.103327	0.001410228	0.7916667	0.2890542	0.837268150081566
GO:0035145	exon-exon junction complex	0.001102605	43.23975	88	2.035165	0.002243982	1.528959e-09	1.7381849684210525e-08	21	15.06806	21	1.393676	0.001558673	1.0	0.0009347304	0.012236470690909
GO:0071010	prespliceosome	0.0009512469	37.3041	79	2.11773	0.002014484	1.88548e-09	2.115655480519481e-08	21	15.06806	20	1.327311	0.00148445	0.952381	0.008673823	0.0810181953729729
GO:0001940	male pronucleus	0.0003355466	13.15879	40	3.039792	0.001019992	2.014674e-09	2.246036562580645e-08	6	4.305161	6	1.393676	0.0004453351	1.0	0.1364244	0.5743722461538462
GO:0042719	mitochondrial intermembrane space protein transporter complex	0.0001023357	4.013196	21	5.232738	0.0005354957	2.028087e-09	2.2464963692307693e-08	5	3.587634	5	1.393676	0.0003711126	1.0	0.1901514	0.6747055835728953
GO:0097342	ripoptosome	0.0002300305	9.020876	32	3.547327	0.0008159935	2.313073e-09	2.5297405974683544e-08	7	5.022687	7	1.393676	0.0005195576	1.0	0.09787583	0.4724285872625698
GO:0034709	methylosome	0.0004093066	16.05137	45	2.8035	0.001147491	2.390652e-09	2.5981425509433963e-08	12	8.610321	11	1.277537	0.0008164477	0.9166667	0.1065264	0.4975070789189189
GO:0001739	sex chromatin	0.0003402094	13.34165	40	2.998129	0.001019992	2.933312e-09	3.16797696e-08	6	4.305161	6	1.393676	0.0004453351	1.0	0.1364244	0.5743722461538462
GO:0045259	proton-transporting ATP synthase complex	0.0009270785	36.35631	77	2.117927	0.001963484	2.970813e-09	3.1885496049689444e-08	24	17.22064	17	0.9871873	0.001261783	0.7083333	0.6389422	0.96866118
GO:0044317	rod spherule	9.001334e-06	0.3529963	8	22.66313	0.0002039984	4.368769e-09	4.6031907512195124e-08	1	0.7175268	1	1.393676	7.422252e-05	1.0	0.7175268	0.96866118
GO:0036488	CHOP-C/EBP complex	0.0001287828	5.050345	23	4.554144	0.0005864953	4.680302e-09	4.8428514107784433e-08	2	1.435054	2	1.393676	0.000148445	1.0	0.5148339	0.9364557675789472
GO:0008024	cyclin/CDK positive transcription elongation factor complex	0.0004371364	17.14274	46	2.683351	0.001172991	5.913193e-09	5.975437136842106e-08	8	5.740214	7	1.219467	0.0005195576	0.875	0.2914791	0.837268150081566
GO:0042575	DNA polymerase complex	0.0008781054	34.43578	73	2.119888	0.001861485	7.173853e-09	7.1655595283237e-08	18	12.91548	15	1.161397	0.001113338	0.8333333	0.2072175	0.71614368
GO:0032996	Bcl3-Bcl10 complex	2.475358e-05	0.9707365	11	11.3316	0.0002804978	7.43448e-09	7.383207724137932e-08	1	0.7175268	1	1.393676	7.422252e-05	1.0	0.7175268	0.96866118
GO:0033553	rDNA heterochromatin	0.000210911	8.271084	29	3.506191	0.0007394941	1.60895e-08	1.5532210055865924e-07	5	3.587634	5	1.393676	0.0003711126	1.0	0.1901514	0.6747055835728953
GO:0005753	mitochondrial proton-transporting ATP synthase complex	0.0008973751	35.19146	73	2.074367	0.001861485	1.67538e-08	1.6083648000000005e-07	23	16.50312	16	0.9695139	0.00118756	0.6956522	0.6880211	0.96866118
GO:1990332	Ire1 complex	8.053748e-05	3.158358	17	5.382544	0.0004334965	4.466007e-08	4.149064567741936e-07	1	0.7175268	1	1.393676	7.422252e-05	1.0	0.7175268	0.96866118
GO:0005686	U2 snRNP	0.0008005778	31.39546	66	2.102215	0.001682987	4.85077e-08	4.4824227593582883e-07	19	13.63301	17	1.246973	0.001261783	0.8947368	0.06369756	0.3585321943973941
GO:0030688	preribosome, small subunit precursor	0.0006847921	26.85481	59	2.197	0.001504488	5.689586e-08	5.201907199999999e-07	12	8.610321	11	1.277537	0.0008164477	0.9166667	0.1065264	0.4975070789189189
GO:0033257	Bcl3/NF-kappaB2 complex	8.203765e-05	3.217188	17	5.284117	0.0004334965	5.785173e-08	5.261462602105264e-07	2	1.435054	2	1.393676	0.000148445	1.0	0.5148339	0.9364557675789472
GO:0097543	ciliary inversin compartment	5.17552e-06	0.2029632	6	29.56201	0.0001529988	8.158333e-08	7.380942106806284e-07	1	0.7175268	1	1.393676	7.422252e-05	1.0	0.7175268	0.96866118
GO:0071159	NF-kappaB complex	4.726083e-05	1.853381	13	7.014209	0.0003314973	8.805165e-08	7.9246485e-07	2	1.435054	2	1.393676	0.000148445	1.0	0.5148339	0.9364557675789472
GO:0030121	AP-1 adaptor complex	0.0002159867	8.470136	28	3.305732	0.0007139943	9.202539e-08	8.239371705699483e-07	6	4.305161	5	1.161397	0.0003711126	0.8333333	0.4587863	0.9364557675789472
GO:0008537	proteasome activator complex	9.025843e-06	0.3539575	7	19.77639	0.0001784986	1.013556e-07	9.027962721649484e-07	3	2.15258	2	0.9291175	0.000148445	0.6666667	0.8057184	1.0
GO:0030870	Mre11 complex	0.0002722309	10.67581	32	2.997432	0.0008159935	1.039336e-07	9.21011593846154e-07	7	5.022687	6	1.19458	0.0004453351	0.8571429	0.3677157	0.8792130644628099
GO:0005687	U4 snRNP	0.0003597633	14.10848	38	2.693416	0.0009689922	1.054753e-07	9.299046857142856e-07	10	7.175268	9	1.254309	0.0006680027	0.9	0.1785027	0.6747055835728953
GO:0001520	outer dense fiber	0.0002329808	9.136575	29	3.174056	0.0007394941	1.262739e-07	1.1020267636363636e-06	6	4.305161	4	0.9291175	0.0002968901	0.6666667	0.7760862	1.0
GO:0031616	spindle pole centrosome	0.0002896712	11.35975	33	2.904995	0.0008414933	1.337062e-07	1.161026701507538e-06	12	8.610321	8	0.9291175	0.0005937802	0.6666667	0.7685508	1.0
GO:0061574	ASAP complex	6.72627e-05	2.637774	15	5.686613	0.0003824969	1.358297e-07	1.173568608e-06	3	2.15258	3	1.393676	0.0002226676	1.0	0.3693916	0.8792130644628099
GO:0000815	ESCRT III complex	0.0006046617	23.71241	53	2.235116	0.001351489	1.53658e-07	1.3144605148514854e-06	12	8.610321	11	1.277537	0.0008164477	0.9166667	0.1065264	0.4975070789189189
GO:0031264	death-inducing signaling complex	0.0005259263	20.62473	48	2.327304	0.00122399	1.855321e-07	1.563899847804878e-06	9	6.457741	9	1.393676	0.0006680027	1.0	0.050375	0.3054315789473684
GO:0000120	RNA polymerase I transcription factor complex	0.0001606859	6.301457	23	3.649949	0.0005864953	2.326394e-07	1.942033252173913e-06	5	3.587634	5	1.393676	0.0003711126	1.0	0.1901514	0.6747055835728953
GO:0070552	BRISC complex	0.0001499042	5.878644	22	3.74236	0.0005609955	2.786604e-07	2.2929770057142853e-06	5	3.587634	5	1.393676	0.0003711126	1.0	0.1901514	0.6747055835728953
GO:0019774	proteasome core complex, beta-subunit complex	0.0003004382	11.78198	33	2.800886	0.0008414933	2.976909e-07	2.4379614938388622e-06	11	7.892794	10	1.266978	0.0007422252	0.9090909	0.1382748	0.5743722461538462
GO:0033186	CAF-1 complex	9.294253e-05	3.644834	17	4.664135	0.0004334965	3.239377e-07	2.6403978566037736e-06	3	2.15258	3	1.393676	0.0002226676	1.0	0.3693916	0.8792130644628099
GO:0071821	FANCM-MHF complex	7.333178e-05	2.875779	15	5.215978	0.0003824969	3.981262e-07	3.1850096e-06	3	2.15258	3	1.393676	0.0002226676	1.0	0.3693916	0.8792130644628099
GO:0005967	mitochondrial pyruvate dehydrogenase complex	0.0001789462	7.017556	24	3.419994	0.0006119951	4.048031e-07	3.194062816438356e-06	3	2.15258	3	1.393676	0.0002226676	1.0	0.3693916	0.8792130644628099
GO:0097227	sperm annulus	0.0003657031	14.34141	37	2.579941	0.0009434925	4.226515e-07	3.319735418181818e-06	6	4.305161	5	1.161397	0.0003711126	0.8333333	0.4587863	0.9364557675789472
GO:0071001	U4/U6 snRNP	7.484386e-05	2.935077	15	5.110598	0.0003824969	5.118509e-07	3.9662706511210766e-06	3	2.15258	3	1.393676	0.0002226676	1.0	0.3693916	0.8792130644628099
GO:0000137	Golgi cis cisterna	0.0002934807	11.50914	32	2.780399	0.0008159935	5.193201e-07	4.006183628571429e-06	7	5.022687	6	1.19458	0.0004453351	0.8571429	0.3677157	0.8792130644628099
GO:0001939	female pronucleus	0.000432606	16.96508	41	2.41673	0.001045492	5.454941e-07	4.189394688e-06	8	5.740214	7	1.219467	0.0005195576	0.875	0.2914791	0.837268150081566
GO:0005664	nuclear origin of replication recognition complex	0.0003262157	12.79288	34	2.657729	0.0008669931	6.343261e-07	4.828702646696036e-06	9	6.457741	8	1.238823	0.0005937802	0.8888889	0.228964	0.7550568549618321
GO:1990604	IRE1-TRAF2-ASK1 complex	0.0002252607	8.833825	27	3.056434	0.0006884945	6.799049e-07	5.130461428820961e-06	4	2.870107	3	1.045257	0.0002226676	0.75	0.6824713	0.96866118
GO:0031588	nucleotide-activated protein kinase complex	0.0006202918	24.32536	52	2.137687	0.001325989	7.266367e-07	5.45925312e-06	10	7.175268	9	1.254309	0.0006680027	0.9	0.1785027	0.6747055835728953
GO:0000812	Swr1 complex	0.0003155975	12.37647	33	2.66635	0.0008414933	8.559914e-07	6.37566008275862e-06	9	6.457741	9	1.393676	0.0006680027	1.0	0.050375	0.3054315789473684
GO:1990047	spindle matrix	3.20471e-05	1.256759	10	7.956973	0.000254998	8.683309e-07	6.412289723076923e-06	1	0.7175268	1	1.393676	7.422252e-05	1.0	0.7175268	0.96866118
GO:1990590	ATF1-ATF4 transcription factor complex	0.0001234248	4.840227	19	3.925436	0.0004844961	8.761457e-07	6.442467104680852e-06	2	1.435054	2	1.393676	0.000148445	1.0	0.5148339	0.9364557675789472
GO:0032311	angiogenin-PRI complex	4.935398e-05	1.935466	12	6.200058	0.0003059976	9.752584e-07	7.080867710924371e-06	2	1.435054	2	1.393676	0.000148445	1.0	0.5148339	0.9364557675789472
GO:0005655	nucleolar ribonuclease P complex	0.0004324562	16.9592	40	2.358602	0.001019992	1.328917e-06	9.528500315352698e-06	8	5.740214	7	1.219467	0.0005195576	0.875	0.2914791	0.837268150081566
GO:0000015	phosphopyruvate hydratase complex	0.0001400083	5.490566	20	3.642612	0.0005099959	1.412209e-06	1.0042375111111113e-05	4	2.870107	4	1.393676	0.0002968901	1.0	0.2650317	0.7992579015706806
GO:0048500	signal recognition particle	0.00036989	14.50561	36	2.481799	0.0009179927	1.426595e-06	1.0103099016393444e-05	10	7.175268	9	1.254309	0.0006680027	0.9	0.1785027	0.6747055835728953
GO:0035985	senescence-associated heterochromatin focus	0.0003921066	15.37685	37	2.406214	0.0009434925	2.066559e-06	1.4103942803149607e-05	3	2.15258	3	1.393676	0.0002226676	1.0	0.3693916	0.8792130644628099
GO:0008352	katanin complex	3.61592e-05	1.418019	10	7.052091	0.000254998	2.512089e-06	1.702309722352941e-05	1	0.7175268	1	1.393676	7.422252e-05	1.0	0.7175268	0.96866118
GO:0070765	gamma-secretase complex	0.0001857336	7.283728	23	3.157724	0.0005864953	2.5767e-06	1.7257897674418605e-05	7	5.022687	7	1.393676	0.0005195576	1.0	0.09787583	0.4724285872625698
GO:0035749	myelin sheath adaxonal region	0.0002892453	11.34305	30	2.644792	0.0007649939	3.046687e-06	2.0326931027027027e-05	6	4.305161	6	1.393676	0.0004453351	1.0	0.1364244	0.5743722461538462
GO:0098999	extrinsic component of postsynaptic endosome membrane	9.717887e-06	0.3810967	6	15.74404	0.0001529988	3.071578e-06	2.0414179938461542e-05	1	0.7175268	1	1.393676	7.422252e-05	1.0	0.7175268	0.96866118
GO:0001534	radial spoke	0.0001615168	6.334043	21	3.315418	0.0005354957	3.308159e-06	2.181869752671756e-05	5	3.587634	5	1.393676	0.0003711126	1.0	0.1901514	0.6747055835728953
GO:0016533	cyclin-dependent protein kinase 5 holoenzyme complex	0.0001894443	7.429249	23	3.095872	0.0005864953	3.54089e-06	2.3264859011406846e-05	3	2.15258	3	1.393676	0.0002226676	1.0	0.3693916	0.8792130644628099
GO:0070557	PCNA-p21 complex	3.779246e-05	1.482069	10	6.747323	0.000254998	3.689111e-06	2.4146908363636366e-05	2	1.435054	2	1.393676	0.000148445	1.0	0.5148339	0.9364557675789472
GO:0071133	alpha9-beta1 integrin-ADAM8 complex	2.215051e-05	0.8686542	8	9.209649	0.0002039984	3.727016e-06	2.421159266165413e-05	1	0.7175268	1	1.393676	7.422252e-05	1.0	0.7175268	0.96866118
GO:0072589	box H/ACA scaRNP complex	4.694085e-05	1.840832	11	5.975557	0.0002804978	3.849464e-06	2.47281553605948e-05	4	2.870107	4	1.393676	0.0002968901	1.0	0.2650317	0.7992579015706806
GO:0090661	box H/ACA telomerase RNP complex	4.694085e-05	1.840832	11	5.975557	0.0002804978	3.849464e-06	2.47281553605948e-05	4	2.870107	4	1.393676	0.0002968901	1.0	0.2650317	0.7992579015706806
GO:0035525	NF-kappaB p50/p65 complex	2.243713e-05	0.8798943	8	9.092001	0.0002039984	4.090125e-06	2.6080206642066425e-05	1	0.7175268	1	1.393676	7.422252e-05	1.0	0.7175268	0.96866118
GO:0000408	EKC/KEOPS complex	0.0001532446	6.009641	20	3.327986	0.0005099959	5.288532e-06	3.359773270588235e-05	6	4.305161	6	1.393676	0.0004453351	1.0	0.1364244	0.5743722461538462
GO:0000814	ESCRT II complex	3.955712e-05	1.551272	10	6.446322	0.000254998	5.472008e-06	3.463600668131868e-05	3	2.15258	3	1.393676	0.0002226676	1.0	0.3693916	0.8792130644628099
GO:1990111	spermatoproteasome complex	0.0001159444	4.546875	17	3.738832	0.0004334965	6.006021e-06	3.787738791240876e-05	5	3.587634	4	1.114941	0.0002968901	0.8	0.5645529	0.96866118
GO:0005744	mitochondrial inner membrane presequence translocase complex	0.0003640364	14.27605	34	2.381611	0.0008669931	6.408824e-06	4.012481113043478e-05	11	7.892794	9	1.140281	0.0006680027	0.8181818	0.3595282	0.8792130644628099
GO:0008540	proteasome regulatory particle, base subcomplex	0.0003644174	14.29099	34	2.379121	0.0008669931	6.546848e-06	4.084098680144404e-05	12	8.610321	11	1.277537	0.0008164477	0.9166667	0.1065264	0.4975070789189189
GO:0005691	U6atac snRNP	1.709004e-05	0.6702031	7	10.4446	0.0001784986	6.719992e-06	4.177030998561152e-05	1	0.7175268	1	1.393676	7.422252e-05	1.0	0.7175268	0.96866118
GO:0032133	chromosome passenger complex	8.16244e-05	3.200982	14	4.373657	0.0003569971	7.001148e-06	4.336194890322581e-05	5	3.587634	4	1.114941	0.0002968901	0.8	0.5645529	0.96866118
GO:0034098	VCP-NPL4-UFD1 AAA ATPase complex	0.0005527513	21.67669	45	2.075962	0.001147491	7.851045e-06	4.827973580071174e-05	10	7.175268	10	1.393676	0.0007422252	1.0	0.03613858	0.243935415
GO:0097649	A axonemal microtubule	4.1573e-05	1.630327	10	6.133739	0.000254998	8.379642e-06	5.116615327208481e-05	1	0.7175268	1	1.393676	7.422252e-05	1.0	0.7175268	0.96866118
GO:0070652	HAUS complex	0.0001196368	4.691675	17	3.623439	0.0004334965	8.946825e-06	5.4437019718309865e-05	9	6.457741	6	0.9291175	0.0004453351	0.6666667	0.7687123	1.0
GO:0031466	Cul5-RING ubiquitin ligase complex	0.0003724319	14.60529	34	2.327924	0.0008669931	1.016455e-05	6.162927157894738e-05	7	5.022687	7	1.393676	0.0005195576	1.0	0.09787583	0.4724285872625698
GO:0000798	nuclear cohesin complex	0.0001745033	6.84332	21	3.068686	0.0005354957	1.04105e-05	6.268064111498258e-05	5	3.587634	4	1.114941	0.0002968901	0.8	0.5645529	0.96866118
GO:0000220	vacuolar proton-transporting V-type ATPase, V0 domain	0.0001646111	6.455389	20	3.098187	0.0005099959	1.458051e-05	8.658117278350516e-05	6	4.305161	6	1.393676	0.0004453351	1.0	0.1364244	0.5743722461538462
GO:0031429	box H/ACA snoRNP complex	0.0001246217	4.887163	17	3.478501	0.0004334965	1.493885e-05	8.840524931506849e-05	5	3.587634	5	1.393676	0.0003711126	1.0	0.1901514	0.6747055835728953
GO:1990769	proximal neuron projection	2.698732e-05	1.058335	8	7.559044	0.0002039984	1.531791e-05	9.03390733105802e-05	3	2.15258	2	0.9291175	0.000148445	0.6666667	0.8057184	1.0
GO:0000125	PCAF complex	0.0001662576	6.519959	20	3.067504	0.0005099959	1.67503e-05	9.845074285714289e-05	4	2.870107	4	1.393676	0.0002968901	1.0	0.2650317	0.7992579015706806
GO:1990037	Lewy body core	0.0001527109	5.988709	19	3.172637	0.0004844961	1.712285e-05	0.00010029927050847458	3	2.15258	3	1.393676	0.0002226676	1.0	0.3693916	0.8792130644628099
GO:0030893	meiotic cohesin complex	0.000166741	6.538915	20	3.058611	0.0005099959	1.744009e-05	0.00010181241729729728	6	4.305161	5	1.161397	0.0003711126	0.8333333	0.4587863	0.9364557675789472
GO:0031011	Ino80 complex	0.000539406	21.15335	43	2.032775	0.001096491	1.985986e-05	0.0001143927936	16	11.48043	15	1.306571	0.001113338	0.9375	0.03597381	0.243935415
GO:0032593	insulin-responsive compartment	0.0002725474	10.68822	27	2.526145	0.0006884945	2.013042e-05	0.00011556599920265782	7	5.022687	6	1.19458	0.0004453351	0.8571429	0.3677157	0.8792130644628099
GO:0000172	ribonuclease MRP complex	0.0001837099	7.204366	21	2.914899	0.0005354957	2.185535e-05	0.00012464041188118812	6	4.305161	5	1.161397	0.0003711126	0.8333333	0.4587863	0.9364557675789472
GO:0005786	signal recognition particle, endoplasmic reticulum targeting	0.0002451384	9.613346	25	2.600551	0.0006374949	2.514245e-05	0.00014198089411764705	7	5.022687	7	1.393676	0.0005195576	1.0	0.09787583	0.4724285872625698
GO:0008541	proteasome regulatory particle, lid subcomplex	0.0002609502	10.23342	26	2.540695	0.0006629947	2.576178e-05	0.0001450044164169381	7	5.022687	6	1.19458	0.0004453351	0.8571429	0.3677157	0.8792130644628099
GO:0005851	eukaryotic translation initiation factor 2B complex	0.0001587091	6.223938	19	3.05273	0.0004844961	2.859738e-05	0.00015992321242718448	6	4.305161	6	1.393676	0.0004453351	1.0	0.1364244	0.5743722461538462
GO:0034366	spherical high-density lipoprotein particle	0.000326551	12.80602	30	2.342647	0.0007649939	2.890559e-05	0.0001611253532903226	8	5.740214	7	1.219467	0.0005195576	0.875	0.2914791	0.837268150081566
GO:0097422	tubular endosome	0.0001735008	6.804006	20	2.939445	0.0005099959	3.014688e-05	0.00016750420784565918	5	3.587634	5	1.393676	0.0003711126	1.0	0.1901514	0.6747055835728953
GO:0034715	pICln-Sm protein complex	0.0002813605	11.03383	27	2.447019	0.0006884945	3.429336e-05	0.00018812357485714287	6	4.305161	5	1.161397	0.0003711126	0.8333333	0.4587863	0.9364557675789472
GO:1990130	Iml1 complex	0.0001753252999999	6.875559	20	2.908855	0.0005099959	3.476282e-05	0.00018983290145110408	5	3.587634	4	1.114941	0.0002968901	0.8	0.5645529	0.96866118
GO:0005683	U7 snRNP	0.0002816216	11.04407	27	2.44475	0.0006884945	3.482467e-05	0.00018983290145110408	7	5.022687	7	1.393676	0.0005195576	1.0	0.09787583	0.4724285872625698
GO:0005712	chiasma	8.360419e-05	3.278622	13	3.96508	0.0003314973	3.96937e-05	0.00021299664145896656	2	1.435054	2	1.393676	0.000148445	1.0	0.5148339	0.9364557675789472
GO:0036024	protein C inhibitor-TMPRSS7 complex	1.542035e-05	0.6047246	6	9.921872	0.0001529988	4.055318e-05	0.00021299664145896656	1	0.7175268	1	1.393676	7.422252e-05	1.0	0.7175268	0.96866118
GO:0036025	protein C inhibitor-TMPRSS11E complex	1.542035e-05	0.6047246	6	9.921872	0.0001529988	4.055318e-05	0.00021299664145896656	1	0.7175268	1	1.393676	7.422252e-05	1.0	0.7175268	0.96866118
GO:0036026	protein C inhibitor-PLAT complex	1.542035e-05	0.6047246	6	9.921872	0.0001529988	4.055318e-05	0.00021299664145896656	1	0.7175268	1	1.393676	7.422252e-05	1.0	0.7175268	0.96866118
GO:0036027	protein C inhibitor-PLAU complex	1.542035e-05	0.6047246	6	9.921872	0.0001529988	4.055318e-05	0.00021299664145896656	1	0.7175268	1	1.393676	7.422252e-05	1.0	0.7175268	0.96866118
GO:0036028	protein C inhibitor-thrombin complex	1.542035e-05	0.6047246	6	9.921872	0.0001529988	4.055318e-05	0.00021299664145896656	1	0.7175268	1	1.393676	7.422252e-05	1.0	0.7175268	0.96866118
GO:0036029	protein C inhibitor-KLK3 complex	1.542035e-05	0.6047246	6	9.921872	0.0001529988	4.055318e-05	0.00021299664145896656	1	0.7175268	1	1.393676	7.422252e-05	1.0	0.7175268	0.96866118
GO:0036030	protein C inhibitor-plasma kallikrein complex	1.542035e-05	0.6047246	6	9.921872	0.0001529988	4.055318e-05	0.00021299664145896656	1	0.7175268	1	1.393676	7.422252e-05	1.0	0.7175268	0.96866118
GO:0097181	protein C inhibitor-coagulation factor V complex	1.542035e-05	0.6047246	6	9.921872	0.0001529988	4.055318e-05	0.00021299664145896656	1	0.7175268	1	1.393676	7.422252e-05	1.0	0.7175268	0.96866118
GO:0097182	protein C inhibitor-coagulation factor Xa complex	1.542035e-05	0.6047246	6	9.921872	0.0001529988	4.055318e-05	0.00021299664145896656	1	0.7175268	1	1.393676	7.422252e-05	1.0	0.7175268	0.96866118
GO:0097183	protein C inhibitor-coagulation factor XI complex	1.542035e-05	0.6047246	6	9.921872	0.0001529988	4.055318e-05	0.00021299664145896656	1	0.7175268	1	1.393676	7.422252e-05	1.0	0.7175268	0.96866118
GO:0072487	MSL complex	0.0002718826	10.66215	26	2.438533	0.0006629947	4.998317e-05	0.0002601533667469879	4	2.870107	3	1.045257	0.0002226676	0.75	0.6824713	0.96866118
GO:1990622	CHOP-ATF3 complex	7.396664e-05	2.900676	12	4.136967	0.0003059976	5.209305e-05	0.000269511348502994	2	1.435054	2	1.393676	0.000148445	1.0	0.5148339	0.9364557675789472
GO:0031428	box C/D snoRNP complex	0.0001970357	7.726952	21	2.71776	0.0005354957	5.835141e-05	0.0003009887656119403	6	4.305161	4	0.9291175	0.0002968901	0.6666667	0.7760862	1.0
GO:0008622	epsilon DNA polymerase complex	0.0002279745	8.940246	23	2.572636	0.0005864953	6.049176e-05	0.00031110048	5	3.587634	5	1.393676	0.0003711126	1.0	0.1901514	0.6747055835728953
GO:0097059	CNTFR-CLCF1 complex	3.311359e-05	1.298583	8	6.160563	0.0002039984	6.376248e-05	0.00032694826540059346	2	1.435054	2	1.393676	0.000148445	1.0	0.5148339	0.9364557675789472
GO:0036195	muscle cell projection membrane	0.000102014	4.00058	14	3.499492	0.0003569971	7.635237e-05	0.0003880496922352941	3	2.15258	3	1.393676	0.0002226676	1.0	0.3693916	0.8792130644628099
GO:0033593	BRCA2-MAGE-D1 complex	7.741222e-05	3.035798	12	3.952833	0.0003059976	7.960891e-05	0.0004022344926315789	1	0.7175268	1	1.393676	7.422252e-05	1.0	0.7175268	0.96866118
GO:0000214	tRNA-intron endonuclease complex	7.82823e-05	3.069919	12	3.908898	0.0003059976	8.826933e-05	0.00044083642265895954	4	2.870107	3	1.045257	0.0002226676	0.75	0.6824713	0.96866118
GO:0046611	lysosomal proton-transporting V-type ATPase complex	1.792982e-05	0.7031359	6	8.533201	0.0001529988	9.220117e-05	0.0004578264993103449	1	0.7175268	1	1.393676	7.422252e-05	1.0	0.7175268	0.96866118
GO:0035339	SPOTS complex	0.0001309212	5.134205	16	3.116354	0.0004079967	9.303705e-05	0.0004606533593123209	4	2.870107	4	1.393676	0.0002968901	1.0	0.2650317	0.7992579015706806
GO:0036284	tubulobulbar complex	2.611963e-05	1.024307	7	6.833886	0.0001784986	9.640175e-05	0.0004759492114285714	1	0.7175268	1	1.393676	7.422252e-05	1.0	0.7175268	0.96866118
GO:0034991	nuclear meiotic cohesin complex	0.0001180995	4.63139	15	3.238769	0.0003824969	0.0001004168	0.0004915587263456091	4	2.870107	3	1.045257	0.0002226676	0.75	0.6824713	0.96866118
GO:0000138	Golgi trans cisterna	0.0004022949	15.7764	33	2.091732	0.0008414933	0.0001011598	0.0004937969898305085	7	5.022687	7	1.393676	0.0005195576	1.0	0.09787583	0.4724285872625698
GO:0030981	cortical microtubule cytoskeleton	0.0001902708	7.461661	20	2.680368	0.0005099959	0.0001033931	0.000503276836056338	3	2.15258	3	1.393676	0.0002226676	1.0	0.3693916	0.8792130644628099
GO:0071540	eukaryotic translation initiation factor 3 complex, eIF3e	4.559795e-05	1.788169	9	5.03308	0.0002294982	0.0001044461	0.0005069743280898877	1	0.7175268	1	1.393676	7.422252e-05	1.0	0.7175268	0.96866118
GO:0005853	eukaryotic translation elongation factor 1 complex	0.0001055991	4.141176	14	3.380683	0.0003569971	0.0001089095	0.0005256860782122905	4	2.870107	3	1.045257	0.0002226676	0.75	0.6824713	0.96866118
GO:0097545	axonemal outer doublet	9.324447e-05	3.656675	13	3.555142	0.0003314973	0.0001162799	0.00055814352	3	2.15258	2	0.9291175	0.000148445	0.6666667	0.8057184	1.0
GO:0033596	TSC1-TSC2 complex	0.0001199227	4.702889	15	3.189529	0.0003824969	0.0001183431	0.000566473342936288	3	2.15258	3	1.393676	0.0002226676	1.0	0.3693916	0.8792130644628099
GO:0034515	proteasome storage granule	5.818784e-05	2.281894	10	4.382324	0.000254998	0.0001350752	0.0006430026049586777	2	1.435054	2	1.393676	0.000148445	1.0	0.5148339	0.9364557675789472
GO:0005749	mitochondrial respiratory chain complex II, succinate dehydrogenase complex (ubiquinone)	0.0002097958	8.227352	21	2.552462	0.0005354957	0.0001366402	0.0006486655648351648	6	4.305161	5	1.161397	0.0003711126	0.8333333	0.4587863	0.9364557675789472
GO:0030124	AP-4 adaptor complex	0.0001806551	7.084569	19	2.681885	0.0004844961	0.0001505587	0.000710834518032787	5	3.587634	5	1.393676	0.0003711126	1.0	0.1901514	0.6747055835728953
GO:0097255	R2TP complex	0.0003094463	12.13525	27	2.224924	0.0006884945	0.0001584492	0.0007440223304347827	5	3.587634	5	1.393676	0.0003711126	1.0	0.1901514	0.6747055835728953
GO:0043190	ATP-binding cassette (ABC) transporter complex	0.0001520304	5.962024	17	2.851381	0.0004334965	0.0001623405	0.0007581740108108108	8	5.740214	5	0.8710477	0.0003711126	0.625	0.8365244	1.0
GO:0016222	procollagen-proline 4-dioxygenase complex	5.990314e-05	2.349162	10	4.256838	0.000254998	0.0001701135	0.0007880861340482575	2	1.435054	2	1.393676	0.000148445	1.0	0.5148339	0.9364557675789472
GO:0000274	mitochondrial proton-transporting ATP synthase, stator stalk	1.303411e-05	0.5111458	5	9.781944	0.000127499	0.0001903806	0.0008749406297872341	1	0.7175268	1	1.393676	7.422252e-05	1.0	0.7175268	0.96866118
GO:0098875	epididymosome	1.305522e-05	0.5119735	5	9.766131	0.000127499	0.0001917963	0.0008791087702917773	1	0.7175268	1	1.393676	7.422252e-05	1.0	0.7175268	0.96866118
GO:0043614	multi-eIF complex	8.606804e-05	3.375244	12	3.555298	0.0003059976	0.0002090285	0.0009505296	2	1.435054	2	1.393676	0.000148445	1.0	0.5148339	0.9364557675789472
GO:0044530	supraspliceosomal complex	0.0002188349	8.58183	21	2.447031	0.0005354957	0.000238181	0.0010746129712793	3	2.15258	3	1.393676	0.0002226676	1.0	0.3693916	0.8792130644628099
GO:0032044	DSIF complex	4.160364e-05	1.631528	8	4.903378	0.0002039984	0.0002960629	0.0013150204061538	2	1.435054	1	0.6968381	7.422252e-05	0.5	0.9202197	1.0
GO:0031415	NatA complex	0.0002931729	11.49707	25	2.174467	0.0006374949	0.0003755708	0.001647173457868	5	3.587634	4	1.114941	0.0002968901	0.8	0.5645529	0.96866118
GO:0042105	alpha-beta T cell receptor complex	0.0001488149	5.835926	16	2.741638	0.0004079967	0.0003792296	0.0016590094906329	5	3.587634	4	1.114941	0.0002968901	0.8	0.5645529	0.96866118
GO:1990589	ATF4-CREB1 transcription factor complex	0.0001645389	6.452559	17	2.634614	0.0004334965	0.0003962766	0.0017205174994974	2	1.435054	2	1.393676	0.000148445	1.0	0.5148339	0.9364557675789472
GO:0005846	nuclear cap binding complex	0.0001065815	4.179702	13	3.11027	0.0003314973	0.0004114623	0.001777517136	3	2.15258	3	1.393676	0.0002226676	1.0	0.3693916	0.8792130644628099
GO:0070032	synaptobrevin 2-SNAP-25-syntaxin-1a-complexin I complex	0.000229701	9.007954	21	2.331273	0.0005354957	0.0004433952	0.0019012082024813	4	2.870107	4	1.393676	0.0002968901	1.0	0.2650317	0.7992579015706806
GO:0071818	BAT3 complex	5.592721e-05	2.193241	9	4.103515	0.0002294982	0.0004591781	0.0019640092990099	3	2.15258	3	1.393676	0.0002226676	1.0	0.3693916	0.8792130644628099
GO:0044393	microspike	0.000230438	9.036855	21	2.323817	0.0005354957	0.0004616846	0.0019698542933333	3	2.15258	2	0.9291175	0.000148445	0.6666667	0.8057184	1.0
GO:0002944	cyclin K-CDK12 complex	9.438584e-05	3.701435	12	3.241986	0.0003059976	0.0004714045	0.0020063718620689	2	1.435054	2	1.393676	0.000148445	1.0	0.5148339	0.9364557675789472
GO:0097135	cyclin E2-CDK2 complex	4.471392e-05	1.753501	8	4.562301	0.0002039984	0.0004740216	0.0020125536235872	2	1.435054	2	1.393676	0.000148445	1.0	0.5148339	0.9364557675789472
GO:0005674	transcription factor TFIIF complex	8.243898e-05	3.232927	11	3.402489	0.0002804978	0.0005399173	0.0022645075106796	2	1.435054	2	1.393676	0.000148445	1.0	0.5148339	0.9364557675789472
GO:0097427	microtubule bundle	0.0003194696	12.52832	26	2.075298	0.0006629947	0.0005734621	0.0023910348491566	6	4.305161	6	1.393676	0.0004453351	1.0	0.1364244	0.5743722461538462
GO:0097124	cyclin A2-CDK2 complex	2.533295e-05	0.9934571	6	6.039516	0.0001529988	0.0005742358	0.0023910348491566	2	1.435054	2	1.393676	0.000148445	1.0	0.5148339	0.9364557675789472
GO:0032144	4-aminobutyrate transaminase complex	5.791279e-05	2.271108	9	3.962823	0.0002294982	0.0005869948	0.0024382860923076	1	0.7175268	1	1.393676	7.422252e-05	1.0	0.7175268	0.96866118
GO:0016602	CCAAT-binding factor complex	0.0001864535	7.311962	18	2.46172	0.0004589963	0.000593952	0.0024612687194244	4	2.870107	4	1.393676	0.0002968901	1.0	0.2650317	0.7992579015706806
GO:0019773	proteasome core complex, alpha-subunit complex	0.0003215845	12.61126	26	2.06165	0.0006629947	0.0006299001	0.0025915889828571	9	6.457741	6	0.9291175	0.0004453351	0.6666667	0.7687123	1.0
GO:0044231	host cell presynaptic membrane	1.723744e-05	0.6759833	5	7.396632	0.000127499	0.0006726898	0.002761063507109	1	0.7175268	1	1.393676	7.422252e-05	1.0	0.7175268	0.96866118
GO:0071065	alpha9-beta1 integrin-vascular cell adhesion molecule-1 complex	0.0001419524	5.566804	15	2.694544	0.0003824969	0.0006742875	0.002761063507109	2	1.435054	2	1.393676	0.000148445	1.0	0.5148339	0.9364557675789472
GO:0030895	apolipoprotein B mRNA editing enzyme complex	0.0001737265	6.812857	17	2.495282	0.0004334965	0.000716804	0.0029144407341176	3	2.15258	3	1.393676	0.0002226676	1.0	0.3693916	0.8792130644628099
GO:0098575	lumenal side of lysosomal membrane	7.269727e-05	2.850896	10	3.507669	0.000254998	0.0007551001	0.0030625461358313	2	1.435054	2	1.393676	0.000148445	1.0	0.5148339	0.9364557675789472
GO:0044599	AP-5 adaptor complex	6.048523e-05	2.371989	9	3.794284	0.0002294982	0.0007944409	0.0031999857230769	1	0.7175268	1	1.393676	7.422252e-05	1.0	0.7175268	0.96866118
GO:0098592	cytoplasmic side of apical plasma membrane	0.0002242419	8.793871	20	2.274311	0.0005099959	0.0008026384	0.0032180026802784	3	2.15258	3	1.393676	0.0002226676	1.0	0.3693916	0.8792130644628099
GO:0070390	transcription export complex 2	1.840298e-05	0.7216914	5	6.928169	0.000127499	0.0008987604	0.0035784745880184	1	0.7175268	1	1.393676	7.422252e-05	1.0	0.7175268	0.96866118
GO:0005715	late recombination nodule	6.305427e-05	2.472736	9	3.639693	0.0002294982	0.001057553	0.0041251728758465	1	0.7175268	1	1.393676	7.422252e-05	1.0	0.7175268	0.96866118
GO:0044611	nuclear pore inner ring	0.0001187085	4.655272	13	2.792533	0.0003314973	0.001086927	0.0042302023783783	3	2.15258	2	0.9291175	0.000148445	0.6666667	0.8057184	1.0
GO:1990876	cytoplasmic side of nuclear pore	6.372998e-05	2.499235	9	3.601102	0.0002294982	0.001137334	0.0044065317309417	1	0.7175268	1	1.393676	7.422252e-05	1.0	0.7175268	0.96866118
GO:0005757	mitochondrial permeability transition pore complex	0.0002029598	7.959271	18	2.261514	0.0004589963	0.00150786	0.0058030781291759	4	2.870107	3	1.045257	0.0002226676	0.75	0.6824713	0.96866118
GO:1990726	Lsm1-7-Pat1 complex	0.0001131789	4.438425	12	2.703662	0.0003059976	0.002151681	0.008100446117647	5	3.587634	4	1.114941	0.0002968901	0.8	0.5645529	0.96866118
GO:0000229	cytoplasmic chromosome	5.741852e-05	2.251725	8	3.552832	0.0002039984	0.002276802	0.0085343033752711	2	1.435054	2	1.393676	0.000148445	1.0	0.5148339	0.9364557675789472
GO:0031315	extrinsic component of mitochondrial outer membrane	4.498522e-05	1.764141	7	3.967938	0.0001784986	0.002300255	0.0086035511688311	2	1.435054	2	1.393676	0.000148445	1.0	0.5148339	0.9364557675789472
GO:0060342	photoreceptor inner segment membrane	7.185851e-05	2.818003	9	3.193751	0.0002294982	0.002535999	0.0094444100689655	2	1.435054	2	1.393676	0.000148445	1.0	0.5148339	0.9364557675789472
GO:0030689	Noc complex	8.654325e-05	3.39388	10	2.94648	0.000254998	0.00267339	0.0099133431759656	3	2.15258	3	1.393676	0.0002226676	1.0	0.3693916	0.8792130644628099
GO:0005724	nuclear telomeric heterochromatin	2.37933e-05	0.9330781	5	5.358608	0.000127499	0.002732728	0.0101116787665952	1	0.7175268	1	1.393676	7.422252e-05	1.0	0.7175268	0.96866118
GO:0030692	Noc4p-Nop14p complex	7.376001e-05	2.892573	9	3.111417	0.0002294982	0.003006188	0.0109882314418604	2	1.435054	2	1.393676	0.000148445	1.0	0.5148339	0.9364557675789472
GO:0097058	CRLF-CLCF1 complex	6.013938e-05	2.358426	8	3.392093	0.0002039984	0.003007774	0.0109882314418604	3	2.15258	2	0.9291175	0.000148445	0.6666667	0.8057184	1.0
GO:0043527	tRNA methyltransferase complex	0.0001341833	5.262132	13	2.470482	0.0003314973	0.003097929	0.0112102698577405	5	3.587634	4	1.114941	0.0002968901	0.8	0.5645529	0.96866118
GO:0005960	glycine cleavage complex	0.0001666406	6.534977	15	2.295341	0.0003824969	0.003100989	0.0112102698577405	4	2.870107	1	0.3484191	7.422252e-05	0.25	0.9936385	1.0
GO:0070436	Grb2-EGFR complex	0.0001507093	5.910215	14	2.36878	0.0003569971	0.003183033	0.0114828413862212	2	1.435054	2	1.393676	0.000148445	1.0	0.5148339	0.9364557675789472
GO:0034457	Mpp10 complex	0.0001037129	4.067207	11	2.704559	0.0002804978	0.003212027	0.0115632972	3	2.15258	3	1.393676	0.0002226676	1.0	0.3693916	0.8792130644628099
GO:0005940	septin ring	6.119123e-05	2.399675	8	3.333784	0.0002039984	0.003334777	0.0119553831037344	1	0.7175268	1	1.393676	7.422252e-05	1.0	0.7175268	0.96866118
GO:0032173	septin collar	6.119123e-05	2.399675	8	3.333784	0.0002039984	0.003334777	0.0119553831037344	1	0.7175268	1	1.393676	7.422252e-05	1.0	0.7175268	0.96866118
GO:0031592	centrosomal corona	0.000151724	5.95001	14	2.352937	0.0003569971	0.003373443	0.0120689637763975	1	0.7175268	1	1.393676	7.422252e-05	1.0	0.7175268	0.96866118
GO:0097057	TRAF2-GSTP1 complex	4.848357e-05	1.901332	7	3.68163	0.0001784986	0.003458198	0.0123466242644628	2	1.435054	2	1.393676	0.000148445	1.0	0.5148339	0.9364557675789472
GO:0016282	eukaryotic 43S preinitiation complex	2.520428e-05	0.988411	5	5.058624	0.000127499	0.003484714	0.0124156408082474	1	0.7175268	1	1.393676	7.422252e-05	1.0	0.7175268	0.96866118
GO:0005945	6-phosphofructokinase complex	3.648701e-05	1.430875	6	4.19324	0.0001529988	0.003555367	0.0126413048888888	2	1.435054	2	1.393676	0.000148445	1.0	0.5148339	0.9364557675789472
GO:0031074	nucleocytoplasmic shuttling complex	7.654861e-05	3.00193	9	2.998071	0.0002294982	0.003817102	0.0135440498069815	3	2.15258	3	1.393676	0.0002226676	1.0	0.3693916	0.8792130644628099
GO:0035838	growing cell tip	0.000154016	6.039891	14	2.317923	0.0003569971	0.003837847	0.0135897533114754	3	2.15258	2	0.9291175	0.000148445	0.6666667	0.8057184	1.0
GO:0016586	RSC complex	3.723216e-05	1.460096	6	4.109318	0.0001529988	0.003917444	0.0138432376932515	1	0.7175268	1	1.393676	7.422252e-05	1.0	0.7175268	0.96866118
GO:0009360	DNA polymerase III complex	3.793407e-05	1.487623	6	4.033281	0.0001529988	0.004282808	0.0149811583481781	1	0.7175268	1	1.393676	7.422252e-05	1.0	0.7175268	0.96866118
GO:0070993	translation preinitiation complex	6.567437e-05	2.575486	8	3.10621	0.0002039984	0.005047923	0.0174108002874251	2	1.435054	2	1.393676	0.000148445	1.0	0.5148339	0.9364557675789472
GO:0000444	MIS12/MIND type complex	0.0001105016	4.333433	11	2.538403	0.0002804978	0.005098516	0.0175502702151394	4	2.870107	3	1.045257	0.0002226676	0.75	0.6824713	0.96866118
GO:0036501	UFD1-NPL4 complex	3.940258e-05	1.545212	6	3.882963	0.0001529988	0.005127674	0.017615548055666	2	1.435054	2	1.393676	0.000148445	1.0	0.5148339	0.9364557675789472
GO:0071149	TEAD-2-YAP complex	0.0001433337	5.620975	13	2.312766	0.0003314973	0.005296778	0.0181244205623762	2	1.435054	2	1.393676	0.000148445	1.0	0.5148339	0.9364557675789472
GO:0071146	SMAD3-SMAD4 protein complex	2.793433e-05	1.095473	5	4.56424	0.000127499	0.005343093	0.0182107785088757	1	0.7175268	1	1.393676	7.422252e-05	1.0	0.7175268	0.96866118
GO:0097179	protease inhibitor complex	4.001905e-05	1.569387	6	3.823148	0.0001529988	0.005516437	0.0187197018352941	3	2.15258	1	0.4645587	7.422252e-05	0.3333333	0.9774703	1.0
GO:1902636	kinociliary basal body	8.161146e-05	3.200475	9	2.812083	0.0002294982	0.005717242	0.01929569175	2	1.435054	2	1.393676	0.000148445	1.0	0.5148339	0.9364557675789472
GO:0097196	Shu complex	8.181026e-05	3.208271	9	2.805249	0.0002294982	0.005804442	0.0195518046315789	2	1.435054	2	1.393676	0.000148445	1.0	0.5148339	0.9364557675789472
GO:1905103	integral component of lysosomal membrane	4.0851e-05	1.602013	6	3.745288	0.0001529988	0.00607465	0.0203825149514563	2	1.435054	1	0.6968381	7.422252e-05	0.5	0.9202197	1.0
GO:0000322	storage vacuole	0.0001985594	7.786704	16	2.054785	0.0004079967	0.006472463	0.0216332999303675	3	2.15258	3	1.393676	0.0002226676	1.0	0.3693916	0.8792130644628099
GO:0034683	integrin alphav-beta3 complex	8.394358e-05	3.291931	9	2.733957	0.0002294982	0.006806088	0.0226171539692307	2	1.435054	2	1.393676	0.000148445	1.0	0.5148339	0.9364557675789472
GO:0034365	discoidal high-density lipoprotein particle	9.968527e-05	3.909258	10	2.55803	0.000254998	0.006995073	0.0231561037241379	3	2.15258	3	1.393676	0.0002226676	1.0	0.3693916	0.8792130644628099
GO:0042565	RNA nuclear export complex	5.593742e-05	2.193642	7	3.19104	0.0001784986	0.007349177	0.0241732548136882	2	1.435054	2	1.393676	0.000148445	1.0	0.5148339	0.9364557675789472
GO:0031533	mRNA cap methyltransferase complex	7.014763e-05	2.75091	8	2.908129	0.0002039984	0.007358294	0.0241732548136882	2	1.435054	2	1.393676	0.000148445	1.0	0.5148339	0.9364557675789472
GO:0070685	macropinocytic cup	3.0261e-05	1.186715	5	4.21331	0.000127499	0.007404336	0.0242323723636363	1	0.7175268	1	1.393676	7.422252e-05	1.0	0.7175268	0.96866118
GO:0005965	protein farnesyltransferase complex	0.0001168172	4.581103	11	2.401169	0.0002804978	0.007553287	0.0246731189716446	3	2.15258	2	0.9291175	0.000148445	0.6666667	0.8057184	1.0
GO:0071062	alphav-beta3 integrin-vitronectin complex	4.292952e-05	1.683524	6	3.563953	0.0001529988	0.00764747	0.0249336380377358	3	2.15258	2	0.9291175	0.000148445	0.6666667	0.8057184	1.0
GO:0031213	RSF complex	0.0001855637	7.277066	15	2.06127	0.0003824969	0.007967622	0.0258797947669172	2	1.435054	2	1.393676	0.000148445	1.0	0.5148339	0.9364557675789472
GO:0000506	glycosylphosphatidylinositol-N-acetylglucosaminyltransferase (GPI-GnT) complex	0.0001864229	7.31076	15	2.05177	0.0003824969	0.008284322	0.0268579895234521	8	5.740214	5	0.8710477	0.0003711126	0.625	0.8365244	1.0
GO:0097361	CIA complex	4.406817e-05	1.728177	6	3.471866	0.0001529988	0.008623676	0.0278017017313432	4	2.870107	3	1.045257	0.0002226676	0.75	0.6824713	0.96866118
GO:0034687	integrin alphaL-beta2 complex	4.445011e-05	1.743155	6	3.442034	0.0001529988	0.008970215	0.0288124246840148	2	1.435054	2	1.393676	0.000148445	1.0	0.5148339	0.9364557675789472
GO:0031523	Myb complex	7.267072e-05	2.849855	8	2.80716	0.0002039984	0.008970535	0.0288124246840148	2	1.435054	2	1.393676	0.000148445	1.0	0.5148339	0.9364557675789472
GO:0035517	PR-DUB complex	0.0001372715	5.383237	12	2.229142	0.0003059976	0.009412686	0.0300094490922509	2	1.435054	2	1.393676	0.000148445	1.0	0.5148339	0.9364557675789472
GO:1990357	terminal web	7.367866e-05	2.889382	8	2.768758	0.0002039984	0.00968324	0.0307585270588235	3	2.15258	3	1.393676	0.0002226676	1.0	0.3693916	0.8792130644628099
GO:0031251	PAN complex	0.0001381759	5.418706	12	2.214551	0.0003059976	0.009869896	0.0312939087853211	2	1.435054	2	1.393676	0.000148445	1.0	0.5148339	0.9364557675789472
GO:0020018	ciliary pocket membrane	0.0001076674	4.222286	10	2.368385	0.000254998	0.01150187	0.0364015226373626	3	2.15258	3	1.393676	0.0002226676	1.0	0.3693916	0.8792130644628099
GO:0030678	mitochondrial ribonuclease P complex	0.0001620798	6.356123	13	2.045272	0.0003314973	0.01360333	0.0424306033212996	3	2.15258	3	1.393676	0.0002226676	1.0	0.3693916	0.8792130644628099
GO:0097356	perinucleolar compartment	3.536878e-05	1.387022	5	3.604845	0.000127499	0.0137454	0.0427964886486486	1	0.7175268	1	1.393676	7.422252e-05	1.0	0.7175268	0.96866118
GO:0008623	CHRAC	0.0001457976	5.717598	12	2.098783	0.0003059976	0.01443829	0.044792396983842	2	1.435054	2	1.393676	0.000148445	1.0	0.5148339	0.9364557675789472
GO:0032302	MutSbeta complex	9.529677e-05	3.737158	9	2.408247	0.0002294982	0.01451598	0.0448722959570661	2	1.435054	2	1.393676	0.000148445	1.0	0.5148339	0.9364557675789472
GO:0005713	recombination nodule	0.0001121513	4.398123	10	2.273697	0.000254998	0.01484535	0.0456217168028419	2	1.435054	2	1.393676	0.000148445	1.0	0.5148339	0.9364557675789472
GO:0034066	RIC1-RGP1 guanyl-nucleotide exchange factor complex	0.0001121741	4.399018	10	2.273235	0.000254998	0.01486402	0.0456217168028419	2	1.435054	2	1.393676	0.000148445	1.0	0.5148339	0.9364557675789472
GO:0005956	protein kinase CK2 complex	5.03272e-05	1.973632	6	3.040081	0.0001529988	0.01562806	0.0477125224028268	2	1.435054	1	0.6968381	7.422252e-05	0.5	0.9202197	1.0
GO:0071817	MMXD complex	0.0001137593	4.461186	10	2.241557	0.000254998	0.01620519	0.0493002963380281	5	3.587634	4	1.114941	0.0002968901	0.8	0.5645529	0.96866118
GO:0032783	ELL-EAF complex	5.092427e-05	1.997046	6	3.004437	0.0001529988	0.0164545	0.0498831157894736	2	1.435054	2	1.393676	0.000148445	1.0	0.5148339	0.9364557675789472
GO:0000942	condensed nuclear chromosome outer kinetochore	0.0001313249	5.150038	11	2.135907	0.0002804978	0.01661939	0.0502947564273204	4	2.870107	4	1.393676	0.0002968901	1.0	0.2650317	0.7992579015706806
GO:0033065	Rad51C-XRCC3 complex	5.111524e-05	2.004535	6	2.993212	0.0001529988	0.01672506	0.0505260553846153	2	1.435054	2	1.393676	0.000148445	1.0	0.5148339	0.9364557675789472
GO:0019028	viral capsid	3.740883e-05	1.467025	5	3.408259	0.000127499	0.01706415	0.0513708209059233	1	0.7175268	1	1.393676	7.422252e-05	1.0	0.7175268	0.96866118
GO:0033557	Slx1-Slx4 complex	3.829967e-05	1.50196	5	3.328984	0.000127499	0.01866607	0.055804444567474	3	2.15258	2	0.9291175	0.000148445	0.6666667	0.8057184	1.0
GO:0070449	elongin complex	0.0001522673	5.971315	12	2.009608	0.0003059976	0.01944499	0.0578329478829604	9	6.457741	3	0.4645587	0.0002226676	0.3333333	0.9970737	1.0
GO:0008043	intracellular ferritin complex	6.812256e-05	2.671494	7	2.620256	0.0001784986	0.01955254	0.0580529022680412	2	1.435054	2	1.393676	0.000148445	1.0	0.5148339	0.9364557675789472
GO:0031084	BLOC-2 complex	8.459069e-05	3.317308	8	2.411594	0.0002039984	0.02031722	0.0598094653492333	3	2.15258	3	1.393676	0.0002226676	1.0	0.3693916	0.8792130644628099
GO:0000789	cytoplasmic chromatin	3.974401e-05	1.558601	5	3.208005	0.000127499	0.02146779	0.0626627383783783	1	0.7175268	1	1.393676	7.422252e-05	1.0	0.7175268	0.96866118
GO:0055087	Ski complex	8.553463e-05	3.354326	8	2.38498	0.0002039984	0.02151839	0.0627045158853288	3	2.15258	3	1.393676	0.0002226676	1.0	0.3693916	0.8792130644628099
GO:0034506	chromosome, centromeric core domain	5.502275e-05	2.157772	6	2.780646	0.0001529988	0.0229504	0.0664292984924623	1	0.7175268	1	1.393676	7.422252e-05	1.0	0.7175268	0.96866118
GO:0033106	cis-Golgi network membrane	4.048064e-05	1.587489	5	3.149628	0.000127499	0.02299634	0.0664396960267111	1	0.7175268	1	1.393676	7.422252e-05	1.0	0.7175268	0.96866118
GO:0098559	cytoplasmic side of early endosome membrane	0.0001207097	4.733752	10	2.112489	0.000254998	0.02315986	0.0667003968	3	2.15258	2	0.9291175	0.000148445	0.6666667	0.8057184	1.0
GO:0001536	radial spoke stalk	8.745962e-05	3.429816	8	2.332486	0.0002039984	0.02412178	0.0691251008955223	3	2.15258	3	1.393676	0.0002226676	1.0	0.3693916	0.8792130644628099
GO:0000806	Y chromosome	5.791041e-05	2.271015	6	2.641991	0.0001529988	0.02843932	0.079911851707317	2	1.435054	2	1.393676	0.000148445	1.0	0.5148339	0.9364557675789472
GO:0033565	ESCRT-0 complex	0.0001259703	4.940053	10	2.02427	0.000254998	0.02969697	0.083036187961165	3	2.15258	3	1.393676	0.0002226676	1.0	0.3693916	0.8792130644628099
GO:0034657	GID complex	7.455554e-05	2.92377	7	2.394169	0.0001784986	0.02980567	0.0832054891114701	3	2.15258	3	1.393676	0.0002226676	1.0	0.3693916	0.8792130644628099
GO:0036502	Derlin-1-VIMP complex	0.0001098164	4.30656	9	2.089835	0.0002294982	0.03194911	0.0889018713043478	2	1.435054	1	0.6968381	7.422252e-05	0.5	0.9202197	1.0
GO:0002133	polycystin complex	9.258408e-05	3.630777	8	2.203385	0.0002039984	0.03210908	0.0892033605144694	2	1.435054	2	1.393676	0.000148445	1.0	0.5148339	0.9364557675789472
GO:0031475	myosin V complex	4.46278e-05	1.750124	5	2.856941	0.000127499	0.03290662	0.0908348871565495	1	0.7175268	1	1.393676	7.422252e-05	1.0	0.7175268	0.96866118
GO:0031379	RNA-directed RNA polymerase complex	9.647219e-05	3.783253	8	2.114582	0.0002039984	0.03925512	0.1066554203773584	2	1.435054	2	1.393676	0.000148445	1.0	0.5148339	0.9364557675789472
GO:0070618	Grb2-Sos complex	4.882023e-05	1.914534	5	2.611601	0.000127499	0.0452671	0.1208988389489953	1	0.7175268	1	1.393676	7.422252e-05	1.0	0.7175268	0.96866118
GO:0000333	telomerase catalytic core complex	5.020466e-05	1.968826	5	2.539585	0.000127499	0.04987975	0.1311905753424657	2	1.435054	2	1.393676	0.000148445	1.0	0.5148339	0.9364557675789472
